{"order": [1, 2, 3, 1, 2, 3, 1, 2, 3, 1, 2, 3, 1, 2, 3, 2], "move1": {"pos": 44.856, "vel": 23.599999999999998, "accel": 254.0, "decel": 10.668000000000001}, "move2": {"pos": 11.926, "vel": 16.400000000000002, "accel": 254.0, "decel": 90.932}, "move3": {"pos": 39.872, "vel": 30.0, "accel": 62.992, "decel": 129.54}, "move4": {"pos": 44.856, "vel": 30.0, "accel": 254.0, "decel": 254.0}, "nMoves": 4}