{"order": [1, 2, 1, 2, 1, 2, 1, 2, 1, 2, 1, 2, 1, 2, 1, 2], "move1": {"pos": 45.0, "vel": 40.0, "accel": 55.88, "decel": 131.572}, "move2": {"pos": 12.0, "vel": 16.400000000000002, "accel": 87.37599999999999, "decel": 17.272000000000002}, "move3": {"pos": 44.856, "vel": 30.0, "accel": 62.992, "decel": 254.0}, "move4": {"pos": 44.856, "vel": 30.0, "accel": 254.0, "decel": 254.0}, "nMoves": 4}